<?xml version="1.0" encoding="UTF-8"?>
<project-private xmlns="http://www.netbeans.org/ns/project-private/1">
    <editor-bookmarks xmlns="http://www.netbeans.org/ns/editor-bookmarks/2" lastBookmarkId="0"/>
    <open-files xmlns="http://www.netbeans.org/ns/projectui-open-files/2">
        <group>
            <file>file:/Users/johnrampelt/Documents/GitHub/mirobo/UBMP4-Intro-1-Input-Output/UBMP4-Intro-1-Input-Output.X/Intro-1-Input-Ouput.c</file>
            <file>file:/Users/johnrampelt/Documents/GitHub/mirobo/UBMP4-Intro-1-Input-Output/UBMP4-Intro-1-Input-Output.X/PIC16F1459config.h</file>
            <file>file:/Users/johnrampelt/Documents/GitHub/mirobo/UBMP4-Intro-1-Input-Output/UBMP4-Intro-1-Input-Output.X/UBMP4.h</file>
            <file>file:/Users/johnrampelt/Documents/GitHub/mirobo/UBMP4-Intro-1-Input-Output/UBMP4-Intro-1-Input-Output.X/UBMP4.c</file>
        </group>
    </open-files>
</project-private>
